{"train/loss_im_clap":NaN,"train/loss":NaN,"epoch":0,"lr-AdamW":2.8299168713395052e-05,"_timestamp":1.7456067018893642e+09,"train/tau":0.07000000029802322,"_wandb":{"runtime":42},"_runtime":41.219529025,"trainer/global_step":128,"train/lr":2.8299169571255334e-05,"_step":256,"train/loss_ref_clap":NaN,"lr":2.8299169571255334e-05,"train/cross_temp":0.07000000029802322,"train/loss_qvim":0}