{"_step":1,"train/epoch_loss":0.10332898050546646,"val_loss":0.041729316115379333,"trainer/global_step":7,"epoch":0,"_wandb":{"runtime":1015},"val/cosine_loss":0,"val/epoch_loss":0.04692408815026283,"_timestamp":1.7450939062206607e+09,"val/loss":0.041729316115379333,"val/mse_loss":0.041729316115379333,"_runtime":273.199505995}