{"train/loss":0.03958733379840851,"train/mse_loss":0.03958733379840851,"train/cosine_loss":0,"_wandb":{"runtime":465},"lr-AdamW/pg2":1e-05,"_runtime":368.438989969,"train/lr":9.999999747378752e-05,"trainer/global_step":29,"_step":5,"epoch":0,"lr-AdamW/pg1":0.0001,"_timestamp":1.7450969203354604e+09}