{"val/loss": 2.3066132068634033, "val/tau": 0.0700000748038292, "val/mrr": 0.11574047968290534, "val/ndcg": 0.2524085111148553, "epoch": 0, "trainer/global_step": 75, "_timestamp": 1744982512.6974423, "_runtime": 236.25673723220825, "_step": 152, "lr-AdamW": 0.00012235649546827796, "train/lr": 0.00012265861732885242, "train/loss": 2.1354691982269287, "train/tau": 0.07000000029802322, "lr": 0.00012265861732885242, "_wandb": {"runtime": 245}}