{"val/loss": 2.3066132068634033, "val/tau": 0.0700000748038292, "val/mrr": 0.11574047968290534, "val/ndcg": 0.2524085111148553, "epoch": 0, "trainer/global_step": 9, "_timestamp": 1744982876.9764407, "_runtime": 141.68645477294922, "_step": 20, "lr-AdamW": 0.00010241691842900302, "train/lr": 0.00010271903011016548, "train/loss": 2.713486671447754, "train/tau": 0.07000000029802322, "lr": 0.00010271903011016548, "_wandb": {"runtime": 156}}