{"val/cosine_loss":0,"trainer/global_step":0,"val/epoch_loss":0.2864980101585388,"val/loss":0.2864980101585388,"_step":0,"val_loss":0.2864980101585388,"_timestamp":1.7451111350145245e+09,"epoch":0,"_runtime":22.43685402,"_wandb":{"runtime":25},"val/mse_loss":0.2864980101585388}