{"_wandb":{"runtime":1082},"trainer/global_step":69,"train/cross_temp":0.0707654133439064,"epoch":0,"train/tau":0.07027944922447205,"train/loss_qvim":1.047116994857788,"train/loss_ref_clap":0.6659961938858032,"_runtime":1075.727079507,"train/loss_im_clap":0.5217937231063843,"lr-AdamW":2.8003051228520957e-05,"_step":138,"train/loss":0.7449690103530884,"train/lr":2.8003050829283893e-05,"_timestamp":1.7462168277357016e+09,"lr":2.8003050829283893e-05}