{"_wandb":{"runtime":22},"train/loss_qvim":0,"train/loss_ref_clap":NaN,"trainer/global_step":49,"train/loss_im_clap":NaN,"train/tau":0.07000000029802322,"train/lr":2.624692933750339e-05,"train/loss":NaN,"lr":2.624692933750339e-05,"train/cross_temp":0.07000000029802322,"_runtime":21.194781071,"_step":98,"epoch":0,"_timestamp":1.7456106126765742e+09,"lr-AdamW":2.6246929907424903e-05}