{"train/cross_temp":0.07000000029802322,"trainer/global_step":178,"train/loss":NaN,"_runtime":54.178577118,"lr":2.959805351565592e-05,"train/loss_ref_clap":NaN,"_wandb":{"runtime":55},"train/tau":0.07000000029802322,"_step":356,"train/loss_qvim":0,"lr-AdamW":2.9598054033629323e-05,"train/loss_im_clap":NaN,"epoch":0,"train/lr":2.959805351565592e-05,"_timestamp":1.7456066044767344e+09}