{"_runtime":360.251904369,"train/cross_temp":0.0708058550953865,"train/loss_ref_clap":0.8242570161819458,"_wandb":{"runtime":368},"train/loss_im_clap":0.5027076005935669,"train/tau":0.07058820128440857,"train/loss":0.6987050771713257,"train/loss_qvim":0.7691504955291748,"train/lr":0.00010134896729141474,"epoch":0,"lr-AdamW":0.00010134896418821262,"_timestamp":1.7462173064249268e+09,"lr":0.00010134896729141474,"_step":44,"trainer/global_step":22}