{"val/mse_loss":0.4728098511695862,"trainer/global_step":0,"step":0,"val/cosine_loss":0,"_step":1,"epoch":0,"_runtime":47.000009769,"val/loss":0.4728098511695862,"_wandb":{"runtime":62},"_timestamp":1.7456252657814887e+09}