{"val_loss":1.1969534158706665,"val/loss":1.1969534158706665,"train/film_lr":4.109423525312737e-06,"val/mse_loss":1.1969534158706665,"step":6,"val/epoch_loss":1.1969534158706665,"_step":29,"trainer/global_step":6,"_wandb":{"runtime":314},"_timestamp":1.7451157381619573e+09,"global_step":0,"_runtime":284.80115955,"epoch":6,"val/cosine_loss":0,"train/epoch_loss":0.6138312816619873,"train/adapter_lr":3.5203658778440106e-05}