{"train/lr":2.6428773708175868e-05,"train/loss_ref_clap":NaN,"lr":2.6428773708175868e-05,"_runtime":21.078598036,"train/tau":0.07000000029802322,"_step":111,"lr-AdamW":2.6402796145853015e-05,"train/loss_im_clap":NaN,"_wandb":{"runtime":22},"train/loss":NaN,"_timestamp":1.7456003206262841e+09,"train/loss_qvim":0,"epoch":0,"train/cross_temp":0.07000000029802322,"trainer/global_step":55}