{"_step":7,"_runtime":196.181100081,"initial/val_loss":0.7960489988327026,"_timestamp":1.7451148750430212e+09,"val/loss":0.012092728167772293,"debug/adapter_lr":0.0001,"val/mse_loss":0.012092728167772293,"_wandb":{"runtime":209},"epoch":1,"val/epoch_loss":0.012092728167772293,"trainer/global_step":1,"val_loss":0.012092728167772293,"val/cosine_loss":0,"step":0,"debug/film_lr":1e-05,"train/epoch_loss":0.6546205878257751,"global_step":0}