{"train/loss":0,"epoch":0,"lr":0,"_timestamp":1.7456803963089216e+09,"lr-AdamW":0.001,"_step":1,"train/lr":0,"_runtime":12.087815525,"trainer/global_step":0,"train/tau":0.07000000029802322,"_wandb":{"runtime":20}}