{"epoch":8,"_step":11808,"_timestamp":1.7449725328552542e+09,"val/ndcg":0.49870121479034424,"val/tau":0.0700000748038292,"val/loss":0.7883815169334412,"_wandb":{"runtime":2016},"_runtime":2015.674060361,"train/loss":0.6156299114227295,"lr-AdamW":0.00018648858449468535,"val/mrr":0.37171903252601624,"train/tau":0.07000000029802322,"trainer/global_step":5899,"lr":0.00018645233649294823,"train/lr":0.00018645233649294823}