{"_runtime":11961.752204993,"lr":0.013700015842914581,"train/cross_temp":-0.05441860482096672,"train/loss":1.7766656875610352,"train/lr":0.013700015842914581,"_wandb":{"runtime":11969},"_step":1154,"train/loss_im_clap":3.909183979034424,"train/tau":0.11686354130506516,"train/loss_ref_clap":0.9775484800338745,"train/loss_qvim":0.4432644248008728,"lr-AdamW":0.01370001605909748,"epoch":0,"trainer/global_step":577,"_timestamp":1.74622930560168e+09}