{"_runtime":26.953618486,"train/lr":2.6376817913842387e-05,"_wandb":{"runtime":28},"trainer/global_step":54,"train/cross_temp":0.07000000029802322,"train/loss_ref_clap":NaN,"lr":2.6376817913842387e-05,"_timestamp":1.7456128688378754e+09,"train/loss_qvim":0,"train/loss_im_clap":NaN,"_step":108,"epoch":0,"lr-AdamW":2.637681843944833e-05,"train/tau":0.07000000029802322,"train/loss":NaN}