{"val_loss":0.6738628149032593,"val/loss":1.0150432586669922,"train/cosine_loss":0,"train/loss":1.1038367748260498,"train/film_lr":1e-05,"step":84,"val/epoch_loss":0.6741306781768799,"train/adapter_lr":0.0001,"global_step":0,"_runtime":1818.088765129,"lr-AdamW/pg2":1e-05,"_wandb":{"runtime":1821},"_step":1995,"epoch":0,"val/mse_loss":1.0150432586669922,"train/mse_loss":1.1038367748260498,"val/cosine_loss":0,"_timestamp":1.7451188119401543e+09,"lr-AdamW/pg1":0.0001,"trainer/global_step":79}