{"_timestamp":1.7456131503557687e+09,"train/loss_qvim":2.677051544189453,"train/loss_ref_clap":NaN,"trainer/global_step":23,"lr-AdamW":2.9569486404833838e-05,"_wandb":{"runtime":41},"epoch":0,"_step":46,"lr":2.9569486287073232e-05,"train/loss_im_clap":NaN,"train/loss":NaN,"_runtime":39.909088318,"train/lr":2.9569486287073232e-05,"train/tau":0.07000000029802322,"train/cross_temp":0.07000000029802322}