{"train/tau":0.07000000029802322,"train/loss_ref_clap":NaN,"_runtime":39.305628355,"lr-AdamW":2.8377101832609107e-05,"train/lr":2.8377102353260852e-05,"train/loss_im_clap":NaN,"trainer/global_step":131,"_step":262,"train/loss":NaN,"train/cross_temp":0.07000000029802322,"lr":2.8377102353260852e-05,"_wandb":{"runtime":40},"_timestamp":1.7456073097473128e+09,"train/loss_qvim":0,"epoch":0}