{"val/cosine_loss":0,"val/epoch_loss":1.5997676849365234,"debug/film_lr":1e-05,"initial/val_loss":0.7960489988327026,"_timestamp":1.7451146187923317e+09,"val_loss":1.5997676849365234,"val/loss":1.5997676849365234,"val/mse_loss":1.5997676849365234,"_wandb":{"runtime":133},"global_step":0,"_step":5,"train/epoch_loss":0.9959404468536377,"step":0,"trainer/global_step":0,"_runtime":126.574093517,"debug/adapter_lr":0.0001,"epoch":0}