{"lr-AdamW":0,"_runtime":1902.247596513,"epoch":10,"lr":0,"_step":33,"val/loss":0.2644694745540619,"_wandb":{"runtime":1938},"val/ndcg":0.7171631455421448,"train/tau":0.07000000029802322,"_timestamp":1.7457043371405315e+09,"val/mrr":0.6325627565383911,"train/loss":0,"train/lr":0,"val/tau":0.06999975442886353,"trainer/global_step":10}