{"train/lr":2.5830815502558835e-05,"_runtime":17.787727188,"lr-AdamW":2.5623111782477343e-05,"train/cross_temp":0.07000000029802322,"train/loss_qvim":1.2266035079956055,"train/loss":NaN,"train/loss_im_clap":NaN,"epoch":0,"_wandb":{"runtime":19},"_timestamp":1.7456129541558568e+09,"trainer/global_step":4,"_step":9,"train/loss_ref_clap":NaN,"train/tau":0.07000000029802322,"lr":2.5830815502558835e-05}