{"_wandb":{"runtime":14},"epoch":0,"train/loss":NaN,"_step":42,"lr-AdamW":2.551955412809371e-05,"trainer/global_step":21,"train/lr":2.5519553673802875e-05,"train/loss_im_clap":NaN,"_timestamp":1.7456036033681605e+09,"train/cross_temp":0.07000000029802322,"train/tau":0.07000000029802322,"train/loss_qvim":0,"_runtime":13.316031057,"lr":2.5519553673802875e-05,"train/loss_ref_clap":NaN}