{"train/loss":0.00185566081199795,"_timestamp":1.7450911916336055e+09,"train/lr":9.999999747378752e-05,"_step":7,"val/mse_loss":0.04610525444149971,"epoch":0,"lr-AdamW/pg1":0.0001,"train/mse_loss":0.00185566081199795,"val/cosine_loss":0,"train/cosine_loss":0,"train/epoch_loss":0.09860821068286896,"trainer/global_step":31,"_wandb":{"runtime":997},"val/epoch_loss":0.04610525071620941,"val/loss":0.04610525444149971,"lr-AdamW/pg2":1e-05,"_runtime":233.196789251}