{"train/film_lr":1e-05,"val/cosine_loss":0,"train/cosine_loss":0,"val_loss":0.6842516660690308,"train/loss":1.0261659622192383,"_timestamp":1.7451168725237284e+09,"lr-AdamW/pg1":0.0001,"step":27,"_step":120,"train/adapter_lr":0.0001,"global_step":0,"train/mse_loss":1.0261659622192383,"trainer/global_step":19,"val/loss":0.6842516660690308,"lr-AdamW/pg2":1e-05,"_wandb":{"runtime":915},"_runtime":911.255313397,"val/epoch_loss":0.6850054860115051,"epoch":0,"val/mse_loss":0.6842516660690308}