{"train/loss":0,"train/tau":0.07000000029802322,"train/lr":2.6948328013531864e-05,"epoch":0,"_timestamp":1.7456105577882118e+09,"train/loss_im_clap":0,"train/cross_temp":0.07000000029802322,"lr":2.6948328013531864e-05,"_wandb":{"runtime":29},"_runtime":28.289407846,"trainer/global_step":76,"lr-AdamW":2.6948327980351408e-05,"_step":152,"train/loss_qvim":0,"train/loss_ref_clap":0}