{"val/cosine_loss":0,"_step":1356,"val/mse_loss":1.0121500492095947,"train/adapter_lr":0.0001,"epoch":0,"_timestamp":1.7453406864990287e+09,"step":162,"train/loss":0.9402696490287781,"trainer/global_step":159,"lr-AdamW/pg2":1e-05,"train/mse_loss":0.9402696490287781,"_runtime":1573.879249727,"train/film_lr":1e-05,"global_step":0,"_wandb":{"runtime":1577},"val/loss":1.0121500492095947,"lr-AdamW/pg1":0.0001,"val_loss":0.6681907773017883,"val/epoch_loss":0.6690068244934082,"train/cosine_loss":0}