{"val/loss":2.304413318634033,"lr":0.00023625377798452973,"val/tau":0.0700000748038292,"lr-AdamW":0.00023595166163141993,"val/ndcg":0.25151342153549194,"train/tau":0.07000000029802322,"_timestamp":1.7449827068447852e+09,"train/lr":0.00023625377798452973,"trainer/global_step":451,"_runtime":158.218532375,"epoch":0,"_wandb":{"runtime":159},"_step":904,"val/mrr":0.11452038586139679,"train/loss":0.924659013748169}