{"train/loss":NaN,"train/lr":2.5363688109791838e-05,"_wandb":{"runtime":14},"_step":30,"_runtime":13.400480671,"lr-AdamW":2.5363687889665596e-05,"lr":2.5363688109791838e-05,"epoch":0,"train/cross_temp":0.07000000029802322,"trainer/global_step":15,"train/loss_im_clap":NaN,"train/tau":0.07000000029802322,"_timestamp":1.7456140163591309e+09,"train/loss_qvim":0,"train/loss_ref_clap":NaN}