{"global_step":0,"train/adapter_lr":0.0001,"step":3,"epoch":0,"trainer/global_step":0,"train/cosine_loss":0,"_runtime":749.496582831,"val/mse_loss":0.3089192509651184,"val/epoch_loss":0.6705818176269531,"val/cosine_loss":0,"_step":320,"train/mse_loss":0.6040462255477905,"_wandb":{"runtime":762},"val/loss":0.3089192509651184,"val_loss":0.6705527901649475,"train/loss":0.6040462255477905,"_timestamp":1.745119649327734e+09,"train/film_lr":1e-05}