{"_runtime":418.171839742,"_timestamp":1.74558691288912e+09,"val/cross_temp":0.06999988108873367,"train/loss_qvim":NaN,"lr-AdamW":3.227375779331192e-05,"train/tau":NaN,"train/loss_ref_clap":NaN,"val/mrr":0.06185511499643326,"trainer/global_step":281,"val/loss_ref_clap":NaN,"epoch":0,"val/loss":NaN,"train/loss_im_clap":NaN,"val/loss_qvim":0,"_step":563,"train/loss":NaN,"train/cross_temp":NaN,"val/ndcg":0.20011691749095917,"train/lr":3.227375782444142e-05,"val/loss_im_clap":NaN,"lr":3.227375782444142e-05,"val/tau":0.06999988108873367,"_wandb":{"runtime":418}}