{"train/lr":2.5830815502558835e-05,"lr-AdamW":2.5623111782477343e-05,"_runtime":22.646539303,"_step":9,"_timestamp":1.7456033856588557e+09,"_wandb":{"runtime":24},"trainer/global_step":4,"epoch":0,"train/loss_im_clap":NaN,"train/loss_ref_clap":NaN,"train/loss_qvim":1.2266035079956055,"train/cross_temp":0.07000000029802322,"lr":2.5830815502558835e-05,"train/loss":NaN,"train/tau":0.07000000029802322}