{"_step":33127,"epoch":25,"_runtime":6351.965885286,"train/tau":0.07000000029802322,"val/tau":0.0700000748038292,"train/loss":0.18404966592788696,"val/loss":0.7228221297264099,"lr":2.499999936844688e-05,"_wandb":{"runtime":37140},"val/ndcg":0.5220605731010437,"train/lr":2.499999936844688e-05,"trainer/global_step":16550,"val/mrr":0.3997557759284973,"lr-AdamW":2.5e-05,"_timestamp":1.7449396358114789e+09}