{"_wandb":{"runtime":27},"train/tau":0.07000000029802322,"train/loss_im_clap":NaN,"lr-AdamW":2.6558662384281128e-05,"train/loss_qvim":0,"lr":2.6558662284514867e-05,"_runtime":26.442229271,"train/loss_ref_clap":NaN,"trainer/global_step":61,"train/cross_temp":0.07000000029802322,"_step":122,"train/lr":2.6558662284514867e-05,"_timestamp":1.7456035121618993e+09,"epoch":0,"train/loss":NaN}