{"_timestamp":1.7456033342622097e+09,"train/tau":0.07000000029802322,"lr-AdamW":3.746223564954683e-05,"_runtime":60.443603424,"epoch":0,"trainer/global_step":61,"train/loss_ref_clap":NaN,"lr":3.766993904719129e-05,"_wandb":{"runtime":61},"train/loss_im_clap":NaN,"train/loss_qvim":2.522970199584961,"_step":123,"train/loss":NaN,"train/lr":3.766993904719129e-05,"train/cross_temp":0.07000000029802322}