{"train/loss_ref_clap":NaN,"train/loss_qvim":0,"_runtime":17.034222337,"train/lr":2.6013130991486832e-05,"train/loss_im_clap":NaN,"train/tau":0.07000000029802322,"epoch":0,"train/loss":NaN,"trainer/global_step":40,"lr-AdamW":2.6013130549782732e-05,"_step":80,"_wandb":{"runtime":17},"_timestamp":1.7456112167752843e+09,"train/cross_temp":0.07000000029802322,"lr":2.6013130991486832e-05}